,mean,std,median,min,max
total_cpu_time,371.6384636799805,59.475263249333295,336.3931395499967,311.9255893994123,494.5756428996101
convergence_generation,600.0,0.0,600.0,600.0,600.0
convergence_cpu_time,372.257861119447,59.57438868808218,336.9537947825801,312.44546538174467,495.39993563777614
hv_final,679124128.1666667,45357219.09750888,670654531.3000003,615172958.2000002,828175061.0000002
gd,6851.406397931698,2623.7117489842913,6807.805565646406,0.0,11951.277878992667
igd,3821.453735193639,1084.5074824717517,3932.756317571838,1702.8830447459877,5976.972563323401
gd_norm,1.2700795570183763,0.5275264610703525,1.223733206633006,0.0,2.3117210057659596
igd_norm,0.6033479224188579,0.18788316874961614,0.5806840839518337,0.2486703280638346,0.9751353579646995
final_front_size,4.633333333333334,1.7515182248421004,4.0,2.0,9.0
